{"cameraMode":{"drawMode":0,"name":"Shaded","section":"Shading Mode"},"sceneLighting":false,"audioPlay":false,"sceneViewState":{"showFog":true,"showMaterialUpdate":false,"showSkybox":false,"showFlares":true,"showImageEffects":true,"showParticleSystems":true},"in2DMode":false,"pivot":{"x":-0.9897911548614502,"y":-0.12861907482147218,"z":0.626236081123352},"rotation":{"x":-0.06354479491710663,"y":0.7638267874717712,"z":-0.07610619813203812,"w":-0.6377676725387573},"size":4.192341327667236,"orthographic":false}