{"cameraMode":{"drawMode":0,"name":"Shaded","section":"Shading Mode"},"sceneLighting":true,"audioPlay":false,"sceneViewState":{"showFog":true,"showMaterialUpdate":false,"showSkybox":true,"showFlares":true,"showImageEffects":true,"showParticleSystems":true,"showVisualEffectGraphs":true,"m_FxEnabled":true},"in2DMode":false,"pivot":{"x":2.0272727012634279,"y":4.725034236907959,"z":-0.6243135333061218},"rotation":{"x":0.44274336099624636,"y":-0.08289972692728043,"z":0.041151393204927447,"w":0.891801655292511},"size":5.712436199188232,"orthographic":false}